Tom Hanks,USA,45
Tom Hanks,USA,45
Tom Hanks,USA,45
Tom Hanks,USA,45
Tom Hanks,USA,45
Tom Hanks,USA,45
Tom Hanks,USA,45
Tom Hanks,USA,45
Tom Hanks,USA,45
Tom Hanks,USA,45
Tom Hanks,USA,45
Tom Hanks,USA,45
Tom Hanks,USA,45
Tom Hanks,USA,45
Tom Hanks,USA,45
Tom Hanks,USA,45
Tom Hanks,USA,45
Tom Hanks,USA,45
Tom Hanks,USA,45
Tom Hanks,USA,45
Tom Hanks,USA,45
Tom Hanks,USA,45
Tom Hanks,USA,45
Tom Hanks,USA,45
Tom Hanks,USA,45
Tom Hanks,USA,45
Tom Hanks,USA,45
Tom Hanks,USA,45
Tom Hanks,USA,45
Tom Hanks,USA,45
Tom Hanks,USA,45
Tom Hanks,USA,45
Tom Hanks,USA,45
Tom Hanks,USA,45
Tom Hanks,USA,45
Tom Hanks,USA,45
Tom Hanks,USA,45
Tom Hanks,USA,45
Tom Hanks,USA,45
Tom Hanks,USA,45
Tom Hanks,USA,45
Tom Hanks,USA,45
Tom Hanks,USA,45
Tom Hanks,USA,45
Tom Hanks,USA,45
Tom Hanks,USA,45
Tom Hanks,USA,45
Tom Hanks,USA,45
Tom Hanks,USA,45
Tom Hanks,USA,45
Tom Hanks,USA,45
Tom Hanks,USA,45
Tom Hanks,USA,45
Tom Hanks,USA,45
Tom Hanks,USA,45
Tom Hanks,USA,45
Tom Hanks,USA,45
Tom Hanks,USA,45
Tom Hanks,USA,45
Tom Hanks,USA,45
Tom Hanks,USA,45
Tom Hanks,USA,45
Tom Hanks,USA,45
Tom Hanks,USA,45
Tom Hanks,USA,45
Tom Hanks,USA,45
Tom Hanks,USA,45
Tom Hanks,USA,45
Tom Hanks,USA,45
Tom Hanks,USA,45
Tom Hanks,USA,45
Tom Hanks,USA,45
Tom Hanks,USA,45
Tom Hanks,USA,45
Tom Hanks,USA,45
Tom Hanks,USA,45
Tom Hanks,USA,45
Tom Hanks,USA,45
Tom Hanks,USA,45
Tom Hanks,USA,45
Tom Hanks,USA,45
Tom Hanks,USA,45
Tom Hanks,USA,45
Tom Hanks,USA,45
Tom Hanks,USA,45
Tom Hanks,USA,45
Tom Hanks,USA,45
Tom Hanks,USA,45
Tom Hanks,USA,45
Tom Hanks,USA,45
Tom Hanks,USA,45
Tom Hanks,USA,45
Tom Hanks,USA,45
Tom Hanks,USA,45
Tom Hanks,USA,45
Tom Hanks,USA,45
Tom Hanks,USA,45
Tom Hanks,USA,45
Tom Hanks,USA,45
Tom Hanks,USA,45
Tom Hanks,USA,45
Tom Hanks,USA,45
Tom Hanks,USA,45
Tom Hanks,USA,45
Tom Hanks,USA,45
Tom Hanks,USA,45
Tom Hanks,USA,45
Tom Hanks,USA,45
Tom Hanks,USA,45
Tom Hanks,USA,45
Tom Hanks,USA,45
Tom Hanks,USA,45
Tom Hanks,USA,45
Tom Hanks,USA,45
Tom Hanks,USA,45
Tom Hanks,USA,45
Tom Hanks,USA,45
Tom Hanks,USA,45
Tom Hanks,USA,45
Tom Hanks,USA,45
Tom Hanks,USA,45
Tom Hanks,USA,45
Tom Hanks,USA,45
Tom Hanks,USA,45
Tom Hanks,USA,45
Tom Hanks,USA,45
Tom Hanks,USA,45
Tom Hanks,USA,45
Tom Hanks,USA,45
Tom Hanks,USA,45
Tom Hanks,USA,45
Tom Hanks,USA,45
Tom Hanks,USA,45
Tom Hanks,USA,45
Tom Hanks,USA,45
Tom Hanks,USA,45
Tom Hanks,USA,45
Tom Hanks,USA,45
Tom Hanks,USA,45
Tom Hanks,USA,45
Tom Hanks,USA,45
Tom Hanks,USA,45
Tom Hanks,USA,45
Tom Hanks,USA,45
Tom Hanks,USA,45
Tom Hanks,USA,45
Tom Hanks,USA,45
Tom Hanks,USA,45
Tom Hanks,USA,45
Tom Hanks,USA,45
Tom Hanks,USA,45
Tom Hanks,USA,45
Tom Hanks,USA,45
Tom Hanks,USA,45
Tom Hanks,USA,45
Tom Hanks,USA,45
Tom Hanks,USA,45
Tom Hanks,USA,45
Tom Hanks,USA,45
Tom Hanks,USA,45
Tom Hanks,USA,45
Tom Hanks,USA,45
Tom Hanks,USA,45
Tom Hanks,USA,45
Tom Hanks,USA,45
Tom Hanks,USA,45
Tom Hanks,USA,45
Tom Hanks,USA,45
Tom Hanks,USA,45
Tom Hanks,USA,45
Tom Hanks,USA,45
Tom Hanks,USA,45
Tom Hanks,USA,45
Tom Hanks,USA,45
Tom Hanks,USA,45
Tom Hanks,USA,45
Tom Hanks,USA,45
Tom Hanks,USA,45
Tom Hanks,USA,45
Tom Hanks,USA,45
Tom Hanks,USA,45
Tom Hanks,USA,45
Tom Hanks,USA,45
Tom Hanks,USA,45
Tom Hanks,USA,45
Tom Hanks,USA,45
Tom Hanks,USA,45
Tom Hanks,USA,45
Tom Hanks,USA,45
Tom Hanks,USA,45
Tom Hanks,USA,45
Tom Hanks,USA,45
Tom Hanks,USA,45
Tom Hanks,USA,45
Tom Hanks,USA,45
Tom Hanks,USA,45
Tom Hanks,USA,45
Tom Hanks,USA,45
Tom Hanks,USA,45
Tom Hanks,USA,45
Tom Hanks,USA,45
Tom Hanks,USA,45
Tom Hanks,USA,45
Tom Hanks,USA,45
Tom Hanks,USA,45
Tom Hanks,USA,45
Tom Hanks,USA,45
Tom Hanks,USA,45
Tom Hanks,USA,45
Tom Hanks,USA,45
Tom Hanks,USA,45
Tom Hanks,USA,45
Tom Hanks,USA,45
Tom Hanks,USA,45
Tom Hanks,USA,45
Tom Hanks,USA,45
Tom Hanks,USA,45
Tom Hanks,USA,45
Tom Hanks,USA,45
Tom Hanks,USA,45
Tom Hanks,USA,45
Tom Hanks,USA,45
Tom Hanks,USA,45
Tom Hanks,USA,45
Tom Hanks,USA,45
Tom Hanks,USA,45
Tom Hanks,USA,45
Tom Hanks,USA,45
Tom Hanks,USA,45
Tom Hanks,USA,45
Tom Hanks,USA,45
Tom Hanks,USA,45
Tom Hanks,USA,45
Tom Hanks,USA,45
Tom Hanks,USA,45
Tom Hanks,USA,45
Tom Hanks,USA,45
Tom Hanks,USA,45
Tom Hanks,USA,45
Tom Hanks,USA,45
Tom Hanks,USA,45
Tom Hanks,USA,45
Tom Hanks,USA,45
Tom Hanks,USA,45
Tom Hanks,USA,45
Tom Hanks,USA,45
Tom Hanks,USA,45
Tom Hanks,USA,45
Tom Hanks,USA,45
Tom Hanks,USA,45
Tom Hanks,USA,45
Tom Hanks,USA,45
Tom Hanks,USA,45
Tom Hanks,USA,45
Tom Hanks,USA,45
Tom Hanks,USA,45
Tom Hanks,USA,45
Tom Hanks,USA,45
Tom Hanks,USA,45
Tom Hanks,USA,45
Tom Hanks,USA,45
Tom Hanks,USA,45
Tom Hanks,USA,45
Tom Hanks,USA,45
Tom Hanks,USA,45
Tom Hanks,USA,45
Tom Hanks,USA,45
Tom Hanks,USA,45
Tom Hanks,USA,45
Tom Hanks,USA,45
Tom Hanks,USA,45
Tom Hanks,USA,45
Tom Hanks,USA,45
Tom Hanks,USA,45
Tom Hanks,USA,45
Tom Hanks,USA,45
Tom Hanks,USA,45
Tom Hanks,USA,45
Tom Hanks,USA,45
Tom Hanks,USA,45
Tom Hanks,USA,45
Tom Hanks,USA,45
Tom Hanks,USA,45
Tom Hanks,USA,45
Tom Hanks,USA,45
Tom Hanks,USA,45
Tom Hanks,USA,45
Tom Hanks,USA,45
Tom Hanks,USA,45
Tom Hanks,USA,45
Tom Hanks,USA,45
Tom Hanks,USA,45
Tom Hanks,USA,45
Tom Hanks,USA,45
Tom Hanks,USA,45
Tom Hanks,USA,45
Tom Hanks,USA,45
Tom Hanks,USA,45
Tom Hanks,USA,45
Tom Hanks,USA,45
Tom Hanks,USA,45
Tom Hanks,USA,45
Tom Hanks,USA,45
Tom Hanks,USA,45
Tom Hanks,USA,45
Tom Hanks,USA,45
Tom Hanks,USA,45
Tom Hanks,USA,45
Tom Hanks,USA,45
Tom Hanks,USA,45
Tom Hanks,USA,45
Tom Hanks,USA,45
Tom Hanks,USA,45
Tom Hanks,USA,45
Tom Hanks,USA,45
Tom Hanks,USA,45
Tom Hanks,USA,45
Tom Hanks,USA,45
Tom Hanks,USA,45
Tom Hanks,USA,45
Tom Hanks,USA,45
Tom Hanks,USA,45
Tom Hanks,USA,45
Tom Hanks,USA,45
Tom Hanks,USA,45
Tom Hanks,USA,45
Tom Hanks,USA,45
Tom Hanks,USA,45
Tom Hanks,USA,45
Tom Hanks,USA,45
Tom Hanks,USA,45
Tom Hanks,USA,45
Tom Hanks,USA,45
Tom Hanks,USA,45
Tom Hanks,USA,45
Tom Hanks,USA,45
Tom Hanks,USA,45
Tom Hanks,USA,45
Tom Hanks,USA,45
Tom Hanks,USA,45
Tom Hanks,USA,45
Tom Hanks,USA,45
Tom Hanks,USA,45
Tom Hanks,USA,45
Tom Hanks,USA,45
Tom Hanks,USA,45
Tom Hanks,USA,45
Tom Hanks,USA,45
Tom Hanks,USA,45
Tom Hanks,USA,45
Tom Hanks,USA,45
Tom Hanks,USA,45
Tom Hanks,USA,45
Tom Hanks,USA,45
Tom Hanks,USA,45
Tom Hanks,USA,45
Tom Hanks,USA,45
Tom Hanks,USA,45
Tom Hanks,USA,45
Tom Hanks,USA,45
Tom Hanks,USA,45
Tom Hanks,USA,45
Tom Hanks,USA,45
Tom Hanks,USA,45
Tom Hanks,USA,45
Tom Hanks,USA,45
Tom Hanks,USA,45
Tom Hanks,USA,45
Tom Hanks,USA,45
Tom Hanks,USA,45
Tom Hanks,USA,45
Tom Hanks,USA,45
Tom Hanks,USA,45
Tom Hanks,USA,45
Tom Hanks,USA,45
Tom Hanks,USA,45
Tom Hanks,USA,45
Tom Hanks,USA,45
Tom Hanks,USA,45
Tom Hanks,USA,45
Tom Hanks,USA,45
Tom Hanks,USA,45
Tom Hanks,USA,45
Tom Hanks,USA,45
Tom Hanks,USA,45
Tom Hanks,USA,45
Tom Hanks,USA,45
Tom Hanks,USA,45
Tom Hanks,USA,45
Tom Hanks,USA,45
Tom Hanks,USA,45
Tom Hanks,USA,45
Tom Hanks,USA,45
Tom Hanks,USA,45
Tom Hanks,USA,45
Tom Hanks,USA,45
Tom Hanks,USA,45
Tom Hanks,USA,45
Tom Hanks,USA,45
Tom Hanks,USA,45
Tom Hanks,USA,45
Tom Hanks,USA,45
Tom Hanks,USA,45
Tom Hanks,USA,45
Tom Hanks,USA,45
Tom Hanks,USA,45
Tom Hanks,USA,45
Tom Hanks,USA,45
Tom Hanks,USA,45
Tom Hanks,USA,45
Tom Hanks,USA,45
Tom Hanks,USA,45
Tom Hanks,USA,45
Tom Hanks,USA,45
Tom Hanks,USA,45
Tom Hanks,USA,45
Tom Hanks,USA,45
Tom Hanks,USA,45
Tom Hanks,USA,45
Tom Hanks,USA,45
Tom Hanks,USA,45
Tom Hanks,USA,45
Tom Hanks,USA,45
Tom Hanks,USA,45
Tom Hanks,USA,45
Tom Hanks,USA,45
Tom Hanks,USA,45
Tom Hanks,USA,45
Tom Hanks,USA,45
Tom Hanks,USA,45
Tom Hanks,USA,45
Tom Hanks,USA,45
Tom Hanks,USA,45
Tom Hanks,USA,45
Tom Hanks,USA,45
Tom Hanks,USA,45
Tom Hanks,USA,45
Tom Hanks,USA,45
Tom Hanks,USA,45
Tom Hanks,USA,45
Tom Hanks,USA,45
Tom Hanks,USA,45
Tom Hanks,USA,45
Tom Hanks,USA,45
Tom Hanks,USA,45
Tom Hanks,USA,45
Tom Hanks,USA,45
Tom Hanks,USA,45
Tom Hanks,USA,45
Tom Hanks,USA,45
Tom Hanks,USA,45
Tom Hanks,USA,45
Tom Hanks,USA,45
Tom Hanks,USA,45
Tom Hanks,USA,45
Tom Hanks,USA,45
Tom Hanks,USA,45
Tom Hanks,USA,45
Tom Hanks,USA,45
Tom Hanks,USA,45
Tom Hanks,USA,45
Tom Hanks,USA,45
Tom Hanks,USA,45
Tom Hanks,USA,45
Tom Hanks,USA,45
Tom Hanks,USA,45
Tom Hanks,USA,45
Tom Hanks,USA,45
Tom Hanks,USA,45
Tom Hanks,USA,45
Tom Hanks,USA,45
Tom Hanks,USA,45
Tom Hanks,USA,45
Tom Hanks,USA,45
Tom Hanks,USA,45
Tom Hanks,USA,45
Tom Hanks,USA,45
Tom Hanks,USA,45
Tom Hanks,USA,45
Tom Hanks,USA,45
Tom Hanks,USA,45
Tom Hanks,USA,45
Tom Hanks,USA,45
Tom Hanks,USA,45
Tom Hanks,USA,45
Tom Hanks,USA,45
Tom Hanks,USA,45
Tom Hanks,USA,45
Tom Hanks,USA,45
Tom Hanks,USA,45
Tom Hanks,USA,45
Tom Hanks,USA,45
Tom Hanks,USA,45
Tom Hanks,USA,45
Tom Hanks,USA,45
Tom Hanks,USA,45
Tom Hanks,USA,45
Tom Hanks,USA,45
Tom Hanks,USA,45
Tom Hanks,USA,45
Tom Hanks,USA,45
